rank,name,comments,author,publisher
1,活着（2017年新版）,1641453,余华,作家出版社
2,我喜欢生命本来的样子(周国平经典散文作品集),354597,周国平,作家出版社
3,神奇校车・图画书版（全12册，新增《科学博览会》1册）,877076,"(美)乔安娜柯尔 著 ,(美)布鲁斯・迪根 图",贵州人民出版社
4,人间失格（日本小说家太宰治的自传体小说）,766555,（日）太宰治　著，杨伟　译,作家出版社
5,月亮和六便士（全新导读无删节详注版！ 半年创当当110000名读者五...,191876,〔英〕毛姆 著  苏福忠 译,时代文艺出版社
6,《正面管教》修订版,552428,[美] 简・尼尔森,北京联合出版公司
7,如何说孩子才会听 怎么听孩子才肯说（全新修订版）,475629,（美）玛兹丽施　著，安燕玲　译,中央编译出版社
8,浮生六记 （汪涵推荐，畅销200万册。沈复给芸娘的绝美情书）【果...,697289,沈复 著 ， 张佳玮 译，果麦文化 出品,天津人民出版社
9,生活需要仪式感 （把温暖和感动带给你在乎的人）,222596,李思圆 著，文通天下 出品,山东文艺出版社
10,追风筝的人（2018年新版）,2138793,[美]卡勒德・胡赛尼（Khaled Hosseini） 著，李继宏 译,上海人民出版社
11,小熊和最好的爸爸（全7册）,661247,（荷）丹姆  著，漆仰平，爱桐  译,贵州人民出版社
12,三体：全三册 刘慈欣代表作，亚洲首部“雨果奖”获奖作品！,512141,刘慈欣,重庆出版社
13,少年读史记（套装全5册）,388636,张嘉骅,青岛出版社
14,月亮与六便士（新版！未删节插图珍藏版，荣获波比小说奖诗人译本...,331186,毛姆 著，徐淳刚 译，大星文化 出品，作家榜经典文库，高更 绘,浙江文艺出版社
15,我这么自律，就是为了不平庸至死（500册亲笔签名本随机发）,22500,怀左同学,北京联合出版有限公司
16,乌合之众 : 大众心理研究,51909,(法) 古斯塔夫・勒庞 著，马晓佳 译,民主与建设出版社
17,我的第一本地理启蒙书,444955,郑利强 段虹(绘) 步印童书 出品,新世界出版社
18,谈判：如何在博弈中获得更多(第四版)Everything is Negotiable,25761,(英) 盖温・肯尼迪 (Gavin Kennedy),民主与建设出版社
19,丰子恺万般滋味，都是生活,13712,丰子恺,华中科技大学出版社
20,云边有个小卖部,154778,"张嘉佳 著,博集天卷 出品",湖南文艺出版社
21,神奇校车・桥梁书版（全20册）,527770,乔安娜柯尔　著 布鲁斯迪根 图　施芳　译,贵州人民出版社
22,所谓情商高，就是会说话,519738,佐佐木圭一 著 程亮 译 时代华语 出品,北京联合出版公司
23,薛兆丰经济学讲义,10889,薛兆丰,中信出版社
24,东野圭吾：解忧杂货店（王俊凯、迪丽热巴主演，这家店帮你找回内...,1958309,(日)东野圭吾 著，新经典 出品,南海出版公司
25,写给儿童的中国历史（全14册）,492668,陈卫平著 步印童书 出品,新世界出版社
26,格雷巴旅馆（作者被判终身监禁，此刻故事正在发生……引发全球关...,4393,柯蒂斯・道金斯，白马时光 出品,百花洲文艺出版社
27,超值畅销-好妈妈不打不骂培养男孩300个细节,69713,张晓萍　编著,南海出版公司
28,霍乱时期的爱情（2015版）  一本好书 腾讯视频栏目推荐,337808,（哥伦）马尔克斯　 著，杨玲 译，新经典 出品,南海出版公司
29,小王子（畅销300万册，作者基金会官方认证简体中文版）【果麦经典...,861712,(法)安托万・德・圣埃克苏佩里 著，李继宏 译，果麦文化 出品,天津人民出版社
30,好好说话2：简单有效的高情商沟通术,9353,马薇薇、黄执中、周玄毅、邱晨、胡渐彪 著，磨铁图书 出品,北京联合出版有限公司
31,万历十五年 一本好书 腾讯视频栏目推荐,352193,黄仁宇,生活.读书.新知三联书店
32,东野圭吾：白夜行（2017版，易烊千玺、韩雪推荐，东野圭吾无冕之...,1124806,[日]东野圭吾 著，新经典 出品,南海出版公司
33,马尔克斯：百年孤独（50周年纪念版）,1151421,加西亚・马尔克斯 著，新经典 出品,南海出版公司
34,见识城邦・人类简史：从动物到上帝（新版）  一本好书 腾讯视频栏...,204345,[以色列] 尤瓦尔・赫拉利（Yuval Noah Harari）,中信出版社
35,围城,605911,钱钟书　著,人民文学出版社
36,自在独行     贾平凹的独行世界,567262,贾平凹 著 时代华语 出品,长江文艺出版社
37,摆渡人（如果命运是一条孤独的河流，谁会是你灵魂的摆渡人？）,1040493,[英]克莱儿・麦克福尔，白马时光 出品,百花洲文艺出版社
38,断舍离,341556,(日)山下英子,广西科学技术出版社
39,这就是二十四节气（中国二十四节气彩绘版，文津图书奖获奖绘本，...,500711,高春香，邵敏 著，许明振，李婧 绘,海豚出版社
40,许三观卖血记（新版）,124715,余华,作家出版社
41,你坏（大冰2018作品！预售10分钟8.6万册+，30分钟突破11.8万册，...,381488,"大冰 著,博集天卷 出品",湖南文艺出版社
42,魔法拼音国（套装 共7册）,151212,姜自霞,浙江少年儿童出版社
43,好看的皮囊千篇一律，有趣的灵魂万里挑一（老杨的猫头鹰最新作品...,148176,老杨的猫头鹰,现代出版社
44,非暴力沟通,182484,【美】卢森堡  著，  阮胤华  译,华夏出版社
45,我不敢说，我怕被骂,64613,文：〔荷兰〕皮姆?范?赫斯特  图：〔荷兰〕妮可?塔斯马,北京联合出版公司
46,银火箭少年科幻系列（亚洲首位“雨果奖”得主刘慈欣主编，全球销...,21890,刘慈欣、[英]赫伯特・乔治・威尔斯、[英]玛丽・雪莱等 著，张荣梅 策划，小当当童书馆 出品,浙江教育出版社
47,皮囊（畅销250万册的国民读本，韩寒监制，刘德华、李敬泽作序。繁...,536682,蔡崇达 著，果麦文化 出品,天津人民出版社
48,人性的弱点（薛之谦推荐，畅销100万册）【果麦经典】,357352,戴尔・卡耐基 著，陶 译，果麦文化 出品,天津人民出版社
49,人间词话（近代极富盛名的词话著作，集编、校、释、评于一体，赏...,319176,王国维　著,北京联合出版公司
50,国际大奖科普绘本（全6册） 获20余项国际大奖，数十种国际权威机...,3374,"【法】玛丽【美】琳达・格拉泽、玛丽安・伯克斯 等著,【法】阿梅莉・格罗【美】杰米・佐拉斯 等绘,鞠强、李睿、王丁鹏、韩冬 译,张荣梅 策划,小当当童书馆 出品",辽宁少年儿童出版社
51,东野圭吾：恶意（2016版，东野圭吾四大杰作之一）,369650,东野圭吾 著，娄美莲 译，新经典 出品,南海出版公司
52,西游记原著版（上、下册）七年级上册必读（1-9年级必读书单）,111332,吴承恩,人民文学出版社
53,天才在左 疯子在右(2018全新完整版),1000461,高铭 著，磨铁图书 出品,北京联合出版有限公司
54,雪落香杉树 (福克纳奖得主，全球畅销500万册),248248,戴维・伽特森,作家出版社
55,我们仨（新版）,1062180,杨绛,生活.读书.新知三联书店
56,懂你（复旦名师陈果作品！）,26079,陈果,山东画报出版社
57,诗经（韩寒推荐，全三册注音插图版）,44647,骆玉明(解注)，果麦文化 出品,三秦出版社
58,米小圈脑筋急转弯（套装共4册）,124412,北猫,四川少儿出版社
59,一只特立独行的猪,184717,王小波 著，新经典 出品,北京十月文艺出版社
60,岛上书店（每个人的生命中，都有无比艰难的那一年，将人生变得美...,1010390,（美）加・泽文 Gabrielle Zevin 著；孙仲旭、李玉瑶 译；读客文化 出品,江苏文艺出版社
61,你的善良必须有点锋芒,297314,慕颜歌  著，文通天下  出品,古吴轩出版社
62,阿迅（著名央视主持人朱迅的伤痛之作，令无数读者泪流满面）,4262,朱迅,长江文艺出版社
63,一个陌生女人的来信（茨威格中短篇小说选，豆瓣9.4高评分译作，德...,42237,〔奥〕斯蒂芬・茨威格 著  高中甫 韩耀成 译,时代文艺出版社
64,活着（精装版，余华代表作，易烊千玺推荐阅读版本）,142435,余华 著，新经典 出品,北京十月文艺出版社
65,罗生门（芥川龙之介小说集）《人间失格》作者太宰治是芥川的头号...,57752,［日］芥川龙之介 著，高慧勤 译,时代文艺出版社
66,平凡的世界：全三册（八年级下册自主阅读推荐）,843218,路遥 著，新经典 出品,北京十月文艺出版社
67,笑场（2017精装版）,48825,李诞 著，博集天卷 出品,湖南文艺出版社
68,米小圈漫画成语（套装共4册）,109735,北猫,四川少儿出版社
69,华杉讲透《孙子兵法》（独家精装珍藏版）,56778,华杉 著；读客文化 出品,江苏文艺出版社
70,养育男孩（典藏版）,121857,（澳）史蒂夫 比达尔夫　著，丰俊功，宋修华　译,中信出版社
71,百年童话绘本・典藏版（全套30册）当当2018年中童书畅销榜，台湾...,89047,(美）莱曼・弗兰克・鲍姆，（德）格林兄弟，（丹）安徒生等著，张荣梅 策划，小当当童书馆 出品,北京联合出版公司
72,在教室说错了没关系,148919,著 （日）莳田晋至，译 吴佳芬，绘 （日）长谷川知子,青岛出版社
73,风声（2018版）,11329,麦家 著，新经典 出品,北京十月文艺出版社
74,半小时漫画中国史1+中国史2+中国史3+世界史（套装共4册，作者签章...,771801,陈磊（笔名：二混子） 著；读客文化 出品,江苏文艺出版社
75,蔡康永的说话之道套装（全二册）,262141,蔡康永 著，博集天卷 出品,湖南文艺出版社
76,苏东坡传（林语堂精装2018版）（1-9年级必读书单）,267778,"林语堂 著,博集天卷 出品",湖南文艺出版社
77,不一样的卡梅拉手绘本（1-12册）,515043,"（法）克利斯提昂 约里波瓦著郑迪蔚译 ,（法）克利斯提昂 艾利施绘",２１世纪出版社
78,阿米巴经营――畅销十周年纪念版，当当全国独家（团购，请致电01...,160129,[日]稻盛和夫 著，曹岫云 译,中国大百科全书出版社
79,无人生还（精装纪念版）,36216,（英）阿加莎?克里斯蒂著，夏阳译,新星出版社
80,沉默的大多数（手稿珍藏版）,45476,王小波 著，新经典 出品,北京十月文艺出版社
81,父与子全集(郑渊洁唯一推荐版本，亲子同读必备经典)【作家榜出品...,56553,卜劳恩 绘，大星文化 出品，作家榜经典文库,浙江文艺出版社
82,米小圈上学记一年级（套装共4册）,74733,北猫,四川少儿出版社
83,亲密关系：通往灵魂的桥梁（2015全新修订版）,132428,克里斯多福・孟 著，张德芬，余慧玲 译，博集天卷 出品,湖南文艺出版社
84,一九八四（又译作“1984”）,32018,"[英]乔治・奥威尔 著,傅霞 译",时代文艺出版社
85,复旦名师陈果：好的孤独（复旦名师陈果博士，用哲学的方式告诉你...,102996,陈果 著；读客文化 出品,江苏凤凰文艺出版社
86,诺奖少年版（全套30册）2018年中童书畅销榜TOP3！日销售ZUI高达5...,225372,海明威 罗曼・罗兰 塞尔玛・拉格洛夫 等，张荣梅 策划，小当当童书馆 出品,辽宁少年儿童出版社
87,目送：龙应台“人生三书”之三（彩插新版）,464508,龙应台 著，理想国 出品,广西师范大学出版社
88,格局,75881,"何权峰 著,  悦读纪 出品",江苏文艺出版社
89,小鸡球球触感玩具书：全5册,81328,[日]入山智 著绘；崔维燕 译；海豚传媒，心喜阅童书 出品,长江少年儿童出版社
90,东野圭吾：嫌疑人X的献身（王凯、张鲁一推荐，至为纯粹的爱情，绝...,598612,东野圭吾 著，刘子倩 译，新经典 出品,南海出版公司
91,学会爱自己（教孩子免受性侵犯！学会保护自己！）（全3辑，共14册...,187535,珊蒂克雷文，茱蒂柏斯玛，佩特拉敏特尔（德），安德烈乌斯塔科夫（德）等,青岛出版社
92,无人生还：阿加莎 克里斯蒂作品集10（销售记录超过一亿册的侦探小...,131058,(英)阿加莎.克里斯蒂,新星出版社
93,解密（被翻译成33个语种的当代经典，一部关于天才陨落的悬念佳作...,35699,麦家 著，新经典 出品,北京十月文艺出版社
94,红楼梦原著版（上、下册）（全两册）（1-9年级必读书单）,236788,曹雪芹,人民文学出版社
95,挪威的森林（2018年新版，村上春树的残酷青春物语，现象级的超级...,145680,【日】村上春树 林少华 译,上海译文出版社
96,阿凡提经典故事系列丛书（全4册）,148339,艾克拜尔?吾拉木、赵世杰编著,新疆青少年出版社
97,鬼谷子―中华经典藏书,46842,（战国）鬼谷子 著 ; 陈默 译注,吉林美术出版社
98,第七天（2018版）,284479,余华,新星出版社
99,外婆的道歉信（马思纯领读书目，人民日报、央视推荐。年度口碑爆...,241347,[瑞典]弗雷德里克・巴克曼，译者 孟汇一，果麦文化 出品,天津人民出版社
100,汪曾祺散文集：人间知味,11777,汪曾祺,时代文艺出版社
101,窗边的小豆豆(2018版),790884,（日）黑柳彻子,南海出版公司
102,哈利・波特 （全集1-7册）全新版套装中文版,149013,英 J.K.罗琳　著，苏农　等译,人民文学出版社
103,夏洛的网（新）,486403,（美）怀特　著，任溶溶　译,上海译文出版社
104,米小圈上学记二年级（套装共4册）,53049,北猫,四川少儿出版社
105,三毛全集02：撒哈拉的故事（1-9年级必读书单）,167464,三毛 著，新经典 出品,北京十月文艺出版社
106,我喜欢自己,59157,（美）卡尔森　著，余治莹　译,河北教育出版社
107,暗算（第七届茅盾文学奖得主，入选“企鹅经典”文库）,21037,麦家 著，新经典 出品,北京十月文艺出版社
108,放学后（东野圭吾成名作）,86103,〔日〕东野圭吾 著，新经典 出品,南海出版公司
109,曹文轩文集典藏版（全7册）,230234,曹文轩   著,天天出版社有限责任公司
110,金字塔原理（麦肯锡40年经典培训教材）,225589,(美)芭芭拉.明托,南海出版公司
111,人性的弱点,84197,（美）卡耐基　著，林杰　译,北京联合出版公司
112,摆渡人2：重返荒原（每一个镌刻着爱与善意的灵魂，都会成为我们生...,294127,克莱儿・麦克福尔，白马时光 出品,百花洲文艺出版社
113,P.E.T.父母效能训练:让亲子沟通如此高效而简单（PET）,81511,（美）戈登　著，琼林　译,中国发展出版社
114,不可思议的旅程（凯迪克大奖绘本三部曲）,153474,[美] 艾伦・贝克尔 著,新星出版社
115,董卿：做一个有才情的女子,37993,乔瑞玲 著，轻阅时光 出品,百花洲文艺出版社
116,牧羊少年奇幻之旅（央视《朗读者》、湖南卫视《天天向上》、黄轩...,367158,（巴西）保罗・柯艾略 著，新经典 出品,北京十月文艺出版社
117,曹文轩纯美小说系列*草房子,215138,曹文轩,江苏凤凰少年儿童出版社
118,原则 principles 雷・达里奥著 跨年演讲推荐图书 团购电话:010-5...,114621,[美]瑞・达利欧（Ray Dalio）,中信出版社
119,纳兰词 水墨山水彩图 附纳兰性德传记,7182,刘增妍,四川人民出版社
120,故宫日历2019年,60475,故宫出版社,故宫出版社
121,独一无二的你+勇敢做自己,138133,（美）克兰兹　著，薛亚男　译,北京科学技术出版社
122,高效能人士的七个习惯（30周年纪念版）：打造一套全新的思维方式...,194861,（美）史蒂芬・柯维,中国青年出版社
123,卓有成效的管理者（珍藏版）（团购，请致电010-57993380）,193226,（美）德鲁克（Drucker，P.F.） 著，许是祥  译,机械工业出版社
124,张爱玲全集02：红玫瑰与白玫瑰（2012年全新修订版）,143801,张爱玲 著，新经典 出品,北京十月文艺出版社
125,大败局1、2（修订版）套装【当当网独家特供】（财经作家吴晓波经...,74963,吴晓波　著,浙江大学出版社
126,上帝掷骰子吗？量子物理史话（科学性和故事性的完美结合，具有超...,134234,曹天元　著，磨铁图书 出品,北京联合出版公司
127,去旅行系列（全2册）法国教育部推荐！深度知识体系的人文地理百科...,71157,法] 阿梅莉・卡斯唐（法）纳塔莉・佩泰斯 著,广西科学技术出版社
128,了不起的盖茨比（我抹掉过去，只为了让爱重来！2018全新译本，诗...,26379,(美) F.S.菲兹杰拉德著，张炽恒译,时代文艺出版社
129,未来简史       一本好书 腾讯视频栏目推荐,149808,［以色列］尤瓦尔・赫拉利,中信出版社
130,墨菲定律,58488,张文成   著，文通天下  出品,古吴轩出版社
131,斯凯瑞金色童书・第一辑（全4册）,371021,（美）斯凯瑞  著，李晓评  译,贵州人民出版社
132,看见,703589,柴静 著，理想国 出品,广西师范大学出版社
133,上下五千年（最新版）,206574,林汉达　等著,少年儿童出版社
134,天长地久：给美君的信（龙应台2018全新力作）,29887,"龙应台 著,博集天卷 出品",湖南文艺出版社
135,可爱的身体 （全8册）,179983,[日]七尾纯 小林雅子 文 [日]今井弓子 等 图,南海出版公司
136,九型人格 : 职场高品质沟通的艺术,76715,（美）海伦・帕尔默　著,北京联合出版公司
137,游戏力畅销版套装（全3册）[精选套装],155718,（美）科恩 著；李岩 伍娜 高晓静 译,中信出版社
138,培生幼儿英语：预备级（升级版）,244096,培生集团，海豚传媒 出品,湖北少儿出版社
139,写给儿童的中国地理（全14册）,174140,陈卫平、陈雨岚等 步印童书 出品,新世界出版社
140,养育女孩,76148,Steve Biddulph,中信出版社
141,父与子全集（全彩版）,49902,[德] 埃・奥・卜劳恩  绘,浙江工商大学出版社
142,人生（影响千万青年的励志名篇-- 马云、贾樟柯倾情推荐！）,230732,路遥  著，新经典 出品,北京十月文艺出版社
143,0-3岁行为习惯教养绘本（全6册）,45502,让娜・阿什比/著；海豚传媒，心喜阅童书 出品,长江少年儿童出版社
144,小读客・这是什么呀・3~6岁美国经典绘本大百科（给孩子的万物启蒙...,11538,[美]盖尔・吉本斯 (Gail Gibbons) 著；付晓波、张亦琦译；读客文化 出品,文汇出版社
145,神奇校车・动画版（全10册）,319444,"作者:乔安娜柯尔 著,布鲁斯迪根 绘 , 漆仰平 译",贵州人民出版社
146,人间失格（太宰治绝望的告白，独家收录太宰治绝笔之作《Goodbye》...,169986,（日）太宰治  著，烨伊　译   凤凰含章出品,武汉出版社
147,无声告白（就是她！征服欧美文坛的华裔作家！）,312147,（美）伍绮诗 著，孙璐 译；读客文化 出品,江苏文艺出版社
148,东野圭吾：悲剧人偶,28216,（日）东野圭吾 著，新经典 出品,北京十月文艺出版社
149,小威向前冲,194783,[美]尼古拉斯・艾伦 著；漆仰平 译,贵州人民出版社
150,时间简史（插图本）（央视《朗读者》推荐）,408137,史蒂芬・霍金,湖南科技出版社
151,游戏力经典套装（全2册）[精选套装],159699,（美）科恩 著；李岩 伍娜 高晓静 译,中信出版社
152,你是人间四月天（民国女神林徽因诗歌、散文、小说代表作完整收录...,272961,林徽因　著,北京联合出版公司
153,狼图腾(修订版)（一部描绘、研究蒙古草原狼的“旷世奇书”）（1-...,251520,姜戎著,长江文艺出版社
154,复旦名师陈果：好的爱情（陈果的爱情哲学课，用哲学的方式告诉你...,102914,陈果　著；读客文化 出品,人民日报出版社
155,全球通史:从史前史到21世纪（第7版修订版上下册，当当独家赠送全...,235876,（美）斯塔夫里阿诺斯  著，吴象婴  等译,北京大学出版社
156,译文经典精装系列・月亮和六便士(看“一本好书”，在当当享阅读之...,173956,（英）毛姆 著，傅惟慈 译,上海译文出版社
157,小猪唏哩呼噜(注音版上、下),260022,孙幼军　著,春风文艺出版社
158,好妈妈胜过好老师（700万册纪念版）,228856,尹建莉,作家出版社
159,那不勒斯的萤火（被誉为欧美文坛近十年来的“灯塔”巨作，跟《追...,107701,马西米利亚诺・ 威尔吉利奥，白马时光 出品,百花洲文艺出版社
160,学会管自己幼儿版-歪歪兔自控力教育系列绘本,57940,歪歪兔关键期早教项目组著绘,海豚出版社
161,习近平的七年知青岁月              100册以上团购请联系电话010...,76263,中央党校采访实录编辑室,中共中央党校出版社
162,小学生必背古诗词75+80首,108324,说词解字辞书研究中心,华语教学出版社
163,把坏脾气收起来,42743,〔美〕卡罗尔・罗思，（美）拉申・凯里耶,北京科学技术出版社
164,瓦尔登湖(珍藏本) 朗读者朗读书目,407237,（美）梭罗,中国三峡出版社
165,今日简史：人类命运大议题（《人类简史》《未来简史》作者2018年...,546956,尤瓦尔・赫拉利,中信出版社
166,是谁嗯嗯在我的头上,140375,文：〔德〕维尔纳霍尔茨瓦特（WernerHolzwarth）　著，方素珍　译,河北教育出版社
167,小熊宝宝绘本（2018版全15册）蒲蒲兰经典畅销绘本！新手妈妈的育...,640673,文/图 佐佐木洋子，译 蒲蒲兰,连环画出版社
168,爱你就像爱生命（精装彩插典藏版）,57840,王小波 李银河 著，博集天卷 出品,湖南文艺出版社
169,飞花令里读诗词 第一辑 春夏秋冬 套装共4册,60560,琬如,时代文艺出版社
170,穆斯林的葬礼（2015版）,179447,霍达　著，新经典 出品,北京十月文艺出版社
171,不可思议事件簿（1-6）（套装 共6册）,11660,雷欧幻像 著,浙江少年儿童出版社
172,数学帮帮忙（全25册）多功能数学绘本,159601,（美）达芙妮・斯金纳　著，（美）杰瑞・史麦斯　绘，袁颖　译,新蕾出版社
173,影响力（经典版）（新版）（团购，请致电010-57993380）,111395,（美）罗伯特・B.西奥迪尼（Robert B.Cialdini）,北京联合出版公司
174,中国国家博物馆儿童历史百科绘本（5册）,27161,中国国家博物馆 著，童趣出版有限公司 编,人民邮电出版社
175,米小圈上学记四年级（套装共4册）,46957,北猫,四川少儿出版社
176,新版林格伦作品选集・美绘版 长袜子皮皮,369580,阿斯特丽德・林格伦  著 英格丽德・万・尼曼 画,中国少年儿童出版社
177,上海堡垒 江南作品（典藏版）滕华涛执导，鹿晗、舒淇领衔主演,15903,江南,长江出版社
178,瓦尔登湖（瓦尔登湖畔，不只是身体的栖息之所，更是精神的沉思之...,125892,（美）亨利戴维梭罗,作家出版社
179,秘密 （东野圭吾创作生涯里程碑）,103401,东野圭吾 著，新经典 出品,南海出版公司
180,邦臣小红花・0-3岁专注力训练贴纸书 全6册,37704,北京小红花图书工作室,中国人口出版社
181,龙应台“人生三书”全3册套装,121247,龙应台,广西师范大学出版社
182,权威定本四大名著： 红楼梦 三国演义  水浒传  西游记 当当网全国...,110694,（清）曹雪芹　等著；（清）无名氏　续,人民文学出版社
183,米小圈上学记三年级（套装共4册）,69155,北猫,四川少儿出版社
184,中国通史（易中天推崇的史学大师吕思勉的国史入门书，华人世界公...,83957,吕思勉　著,民主与建设出版社
185,经济学通识（第二版）,9019,薛兆丰 著,北京大学出版社
186,动物小说大王沈石溪・感悟生命书系（套装共5册）,79196,沈石溪　著,人民邮电出版社
187,老人与海（人可以被毁灭，却不可以被战胜。后附《太阳照常升起》...,137458,[美] 欧内斯特米勒尔海明威　著,作家出版社
188,干法（团购，请致电010-57993380）,69522,（日）稻盛和夫　著，曹岫云　译,机械工业出版社
189,张爱玲全集01：倾城之恋（2012年全新修订版，收录《金锁记》《第...,235613,张爱玲  著，新经典 出品,北京十月文艺出版社
190,宇宙超度指南,52455,李诞 著,四川文艺出版社
191,小树苗儿童成长经典阅读宝库：父与子全集 （漫画注音版）,9941,卜劳恩,安徽少年儿童出版社
192,偷影子的人（2018新版）,1033001,"马克・李维（Marc Levy） ,博集天卷 出品",湖南文艺出版社
193,活法,159813,(日)稻盛和夫　著，曹岫云　译,东方出版社
194,深度思考：不断逼近问题的本质,12458,[美]莫琳・希凯 著 孔锐才 译 时代华语 出品,江苏凤凰文艺出版社
195,我们的身体,100065,[法]艾德兰  文，[法]巴尔博里尼  绘，荣信教育  出品,未来出版社
196,自卑与超越（也译作《超越自卑》）“生命对你来说可以意味着什么...,23090,[奥]阿尔弗雷德・阿德勒 著，马晓佳 译,民主与建设出版社
197,小猪佩奇（全10册）,249142,英国快乐瓢虫出版公司  改编，苗辉 译,安徽少年儿童出版社
198,美国儿科学会育儿百科（第6版，2018全新增订),166052,〔美〕斯蒂文・谢尔弗 主编  陈铭宇，周莉，池丽叶 等 译,北京科学技术出版社
199,见识 吴军 首部认知升级类著作,34105,吴军,中信出版社
200,动物小说大王沈石溪・品藏书系：狼王梦（升级版）,8309,沈石溪,浙江少年儿童出版社
201,我爸爸+我妈妈（全2册）,343348,〔英〕安东尼・布朗,
202,查令十字街84号(精装珍藏版）,189636,海莲・汉芙 著，陈建铭  译,译林出版社
203,不可不知的科学,84716,【英】约翰范登，海豚传媒 出品,长江少年儿童出版社
204,不吼不叫：如何平静地让孩子与父母合作,60136,"[美]罗娜・雷纳 著,钟煜 译",上海社会科学院出版社
205,美国经典专注力培养大书 （全8册）,214459,Highlights杂志社 编绘,湖南少年儿童出版社
206,新参者（2016版）,68604,（日）东野圭吾 著，新经典 出品,南海出版公司
207,阿Q正传（“精神胜利法”的悲喜剧，另收录《狂人日记》等鲁迅名篇...,102161,鲁迅  著,北京联合出版公司
208,富爸爸穷爸爸（20周年修订版）（团购，请致电010-57993380）,290611,【美】罗伯特・清崎,四川人民出版社
209,把生活过成你想要的样子,89198,慈怀读书会  著    紫图  出品,北京联合出版公司
210,杀死一只知更鸟（纪念版）,204327,"哈珀.李 著,",译林出版社
211,简爱（浙大翻译家宋兆霖翻译，未删减全本。）九年级下册必读书目,104525,（英）夏洛蒂勃朗特　著，宋兆霖　译,作家出版社
212,好好说话：新鲜有趣的话术精进技巧（团购，请致电010-57993380）,188130,马东 出品 马薇薇 黄执中 周玄毅 等著,中信出版社
213,0-4岁幼儿认知小百科（全3册),225021,[日]吉田纯子 绘，海豚传媒，心喜阅童书 出品,长江少年儿童出版社
214,LP日历Lonely Planet孤独星球日历：Mapaholic地图迷日历2019,6975,澳大利亚Lonely Planet公司,中国地图出版社
215,钝感力（渡边淳一经典：具备不为小事动摇的钝感力，才能成为真正...,81815,渡边淳一著；李迎跃 译;,青岛出版社
216,有你真好（全三册）,44510,（法）纳迪娜・布兰－科姆  文，（法）奥利维耶・塔莱克  图，邢培健  译,新疆青少年出版社
217,爱打嗝的斑马（精装）,32237,（英）大卫?麦基 著，柳漾 译,北京联合出版公司
218,大中华寻宝系列24 福建寻宝记,16601,孙家裕,二十一世纪出版社
219,姜小牙上学记（套装共4册）,30269,北猫,四川少儿出版社
220,信谊世界精选图画书・猜猜我有多爱你,464419,[爱尔兰] 山姆・麦克布雷尼 著，[英] 安妮塔・婕朗 绘，梅子涵 译,明天出版社
221,刻意练习：如何从新手到大师,97082,[美] 安德斯・艾利克森、王正林,机械工业出版社
222,三国演义（上 下 ）（全二册）（1-9年级必读书单）,83745,罗贯中,人民文学出版社
223,杀死一只知更鸟（精装）,44971,哈珀・李　著,译林出版社
224,圣女的救济（东野圭吾经典长篇小说）,114482,东野圭吾 著，新经典 出品,南海出版公司
225,神奇校车・手工益智版（全8册）,104514,（美）乔安娜・柯尔  文，（美）布鲁斯・迪根  图；,贵州人民出版社
226,从你的全世界路过,988342,张嘉佳  著，博集天卷 出品,湖南文艺出版社
227,一本书读完最美古诗词（上下册）,148340,云葭，青黎 著,中国华侨出版社
228,舒克贝塔传（全10册）,23365,郑渊洁,浙江少年儿童出版社
229,遇见未知的自己（全新修订版）,176284,张德芬 著，博集天卷 出品,湖南文艺出版社
230,男孩的冒险书（少儿绘图版，全三册）,103053,【英】康恩・伊古尔登，【英】哈尔・伊古尔登,广西科学技术出版社
231,东野圭吾：时生（东野圭吾暖心力作）,182343,东野圭吾 著，徐建雄  译，新经典 出品,南海出版公司
232,厚黑学全集（足本典藏版，林语堂、南怀瑾、柏杨、李敖历经沉浮，...,14940,李宗吾 著,中国友谊出版公司
233,21天精通素描,1499,[英] 理查德・波克斯等，酷威文化 出品,百花洲文艺出版社
234,东方快车谋杀案：阿加莎・克里斯蒂侦探作品集04（英格丽・褒曼凭...,93863,(英)阿加莎.克里斯蒂,新星出版社
235,草房子（当当网定制版）,180394,曹文轩,天天出版社有限责任公司
236,法布尔昆虫记（全10册）（儿童彩图版）,238527,（韩）高苏珊娜  编著，（韩）金成荣  绘，李明淑  译,北京科学技术出版社
237,四五快读 全彩图升级版――幼儿快速识字阅读法（全8册）(让孩子爱...,140969,杨其铎　著,湖南科技出版社
238,毛泽东选集（全四册，32开）,29478,毛泽东 著,
239,如何阅读一本书,225587,[美]莫提默・J.艾德勒 查尔斯・范多伦 著，郝明义 朱衣 译,商务印书馆
240,流浪地球（又名流浪的地球，银火箭少年科幻系列）,2687,刘慈欣 著，张荣梅 策划，小当当童书馆 出品,浙江教育出版社
241,儒林外史(56回全本，内容考证、文字句读全新修订版。),111542,吴敬梓,花山文艺出版社
242,愿你，归来仍是少年（林清玄启悟人生系列）,48828,林清玄,长江文艺出版社
243,这样跟孩子定规矩，孩子最不会抵触,195156,(美)乔治・M・卡帕卡 著；读客文化 出品,北京联合出版公司
244,《正面管教 A-Z》：日常养育难题的1001个解决方案（畅销书《正面...,108490,"(美) 简・尼尔森, 琳・洛特, 斯蒂芬・格伦著",北京联合出版公司
245,白鹿原,55205,陈忠实,作家出版社
246,Python编程 从入门到实践,49883,[美]埃里克・马瑟斯（Eric Matthes）,人民邮电出版社
247,曹文轩纯美小说系列*青铜葵花,172322,曹文轩,江苏少年儿童出版社
248,护肤全书（每天1个护肤小知识，1日1美活，陪你度过一年365天）,23805,庆田朋子 著 快读慢活 出品,江苏凤凰文艺出版社
249,祸国 式燕（全二册）,4921,十四阙 著  记忆坊出品，有容书邦发行,江苏凤凰文艺出版社
250,明朝那些事儿全集 增补版（新版全套9册）,147094,当年明月 著，磨铁图书 出品,北京联合出版有限公司
251,半小时漫画中国史2（《半小时漫画中国史》系列第2部，其实是一本...,469799,陈磊（笔名：二混子） 著；读客文化 出品,海南出版社
252,古文观止（上下）,123252,[清]吴楚材，吴调侯 编  钱素洲 译,浙江教育出版社
253,身体从未忘记：心理创伤疗愈中的大脑、心智和身体（奇葩说栏目马...,8658,[美]巴塞尔・范德考克,机械工业出版社
254,培养孩子的创造力-美国创意大师的12堂亲子课,2354,朱莉娅.卡梅伦 艾玛.莱弗利,世界图书出版公司
255,苏菲的世界（新版）,88042,乔斯坦・贾德,作家出版社
256,三毛流浪记全集（彩图注释版）,40027,张乐平 原作，上海三毛形象发展有限公司　编,少年儿童出版社
257,S.忒修斯之船（简体中文典藏复刻版）,83837,[美]J.J.艾布拉姆斯 [美]道格・道斯特 著；颜湘如 译,中信出版社
258,大熊先生盖房子（澳大利亚青少年图书奖获奖作家、加拿大总督奖获...,12801,(澳) 珍・戈德温、(澳) 迈克尔・瓦格纳 文，(加) 安德鲁・乔伊纳 图，方素珍 译，张荣梅 策划，小当当童书馆 出品,中译出版社
259,神奇校车・阅读版（全16册）,231914,乔安娜柯尔、布鲁斯迪根  著，漆仰平，汪晓英，静博　译,贵州人民出版社
260,厚黑学(李宗吾著),95598,李宗吾 著，新华先锋 出品,群言出版社
261,十几岁孩子的正面管教――教给十几岁的孩子人生技能（畅销书《正...,65046,简.尔森,北京联合出版公司
262,终身成长：重新定义成功的思维模式,40264,[美]卡罗尔・德韦克（Carol Dweck)     译   者 楚t楠 后浪图书 出品,江西人民出版社
263,白岩松：白说,336887,白岩松,长江文艺出版社
264,呼兰河传（《呼兰河传》和《生死场》的合编本）,150440,萧红　著,北京联合出版公司
265,半小时漫画中国史3（《半小时漫画中国史》系列第3部，其实是一本...,683720,陈磊（笔名：二混子） 著；读客文化 出品,海南出版社
266,哑舍・零--畅销百万大作《哑舍》系列前传,43790,玄色,湖南少年儿童出版社
267,我的大画本（全3册）,60695,[英]乔斯夫托普森 等图，[英]安娜麦博恩  文，乐乐趣　编译,陕西人民教育出版社
268,羊皮卷大全集（畅销珍藏本）,49976,（美曼狄诺　等著，张权　编译,黑龙江科学技术出版社
269,我不（大冰作品。十个月狂销200万册，不容错过的奇书！）,674337,大冰 著，博集天卷 出品,湖南文艺出版社
270,余秋雨 文化苦旅（1-9年级必读书单）,341436,余秋雨 著 时代华语 出品,长江文艺出版社
271,少年读西游记（套装全3册）,50905,张嘉骅,青岛出版社
272,清单人生（霍思燕推荐。巴克曼继《外婆的道歉信》新作。人生有一...,33845,[瑞典]弗雷德里克・巴克曼，译者 孙璐，果麦文化 出品,天津人民出版社
273,漫画万物由来（中国童书榜zui佳童书奖，桂冠童书奖，当当原创科普...,65589,郭翔 著，张荣梅 策划，小当当童书馆 出品,辽宁少年儿童出版社
274,囚徒健身2：用古老的智慧成就再无弱点的不败身躯,13975,(美) 保罗・威德著,北京科学技术出版社
275,人性的弱点大全集（人性的弱点+人性的优点）（薛之谦推荐。20世纪...,52587,戴尔・卡耐基，果麦文化 出品,天津人民出版社
276,睡眠革命：如何让你的睡眠更高效,16205,[英]尼克・利特尔黑尔斯,北京联合出版公司
277,《读者》六年典藏精选・美文彩插系列2（共四册）,5352,读者杂志社编,时代文艺出版社
278,自控力（2017年纪念新版）,442043,（美）凯利?麦格尼格尔 著，磨铁图书 出品,文化发展出版社
279,可爱的鼠小弟（1-22）,89140,[日] 中江嘉男 文  [日]上野纪子 图,南海出版公司
280,当下的力量（珍藏版）,92072,(德)埃克哈特.托利,中信出版社
281,掌控情绪，从来都不靠忍（别让情绪掌控你的人生）,67648,剑圣喵大师,长江文艺出版社
282,三毛流浪记（彩图注音读物）,291764,张乐平   著,少年儿童出版社
283,做一个刚刚好的女子：不攀附，不将就,261253,"晚情 著,  悦读纪 出品",青岛出版社
284,DK幼儿百科全书――那些重要的事,63585,英国DK公司,中国大百科全书出版社
285,傲慢与偏见（孙致礼先生的译本，幽默&唯美，豆瓣评分9.1分）,77042,［英］奥斯丁 著 孙致礼 译,西安交通大学出版社
286,习近平谈治国理政 第二卷 中文版平装本（100册以上团购请联系团购...,38334,习近平,外文出版社
287,《3～6岁孩子的正面管教》,85658,[美] 简・尼尔森 谢丽尔・欧文 罗丝琳・安・达菲  著    娟子 译,北京联合出版公司
288,老人与海（新版！未删节插图珍藏版，《暗算》作者、茅奖得主麦家...,96677,海明威 著，鲁羊 译，大星文化 出品，作家榜经典文库，Slava Shults 绘,浙江文艺出版社
289,小小小小的火 （《无声告白》作者伍绮诗重磅新作）,334744,（美）伍绮诗(Celeste Ng) 著；孙璐 译；读客文化 出品,江苏凤凰文艺出版社
290,心理学与生活（第16版，中文版）,188809,(美)理查德.格里格,人民邮电出版社
291,《0～3岁孩子的正面管教》,77001,(美) 简・尼尔森，谢丽尔・欧文，罗丝琳・安・达菲 著，花莹莹 译,北京联合出版公司
292,稻盛和夫阿米巴经营经典套装（理论+实践）（当当独家定制套装）（...,4706,（日）稻盛和夫，京瓷通信系统株式会社（KCCS） 著,中国大百科全书出版社
293,安房直子幻想小说系列（共6册）,78800,[日]安房直子 著；彭懿 译,少年儿童出版社
294,"孩子你慢慢来：龙应台""人生三书""之一（彩插新版）",235141,龙应台 著，理想国 出品,广西师范大学出版社
295,马云：未来已来,37830,阿里巴巴集团 著，博集天卷 出品,红旗出版社
296,所有失去的都会以另一种方式归来（随书附赠限量珍藏版明信片×精...,182257,耿帅,九州出版社
297,有故事的汉字 第1辑（当当独家订制版，全3册）,113564,邱昭瑜,青岛出版社
298,三体（刘慈欣代表作，亚洲首部雨果奖获奖作品！）,73366,刘慈欣,重庆出版社
299,郑渊洁四大名传（全4册）,135840,郑渊洁　著,浙江少年儿童出版社
300,你看起来好像很好吃（恐龙简装套装全7册）,123874,宫西达也 文/图，杨文 晓晗 译,２１世纪出版社
301,多莱尔的希腊神话书（畅销千万册，纽约公共图书馆“百年百佳书”...,84395,英格丽 多莱尔 爱德加・帕林・多莱尔,江苏教育出版社
302,且以优雅过一生：杨绛传（杨绛传记的标杆之作）,127487,桑妮 著，博集天卷 出品,湖南文艺出版社
303,歪歪兔行为习惯系列互动图画书（全10册，赠完整版动画片DVD）,151158,歪歪兔关键期早教项目组　编绘,海豚出版社
304,河边的错误 （《活着》余华畅销30年ZUI佳中篇小说集）,16648,余华,时代文艺出版社
305,你就是孩子最好的玩具,82158,（美）金伯莉・布雷恩  著，夏欣茁 译,南方出版社
306,少有人走的路(全4册) 全新整理版,71523,斯科特・派克,中华工商联合出版社
307,后来时间都与你有关（韩寒 何炅 谢娜 吴昕 戚薇 阚清子等明星推荐...,190498,张皓宸，果麦文化 出品,天津人民出版社
308,沉默的大多数（又名《一只特立独行的猪》）,66395,王小波,北京联合出版公司
309,未来简史+人类简史（新版套装2册）   一本好书 腾讯视频栏目推荐,162746,［以色列］尤瓦尔・赫拉利  著；林俊宏 译,中信出版社
310,德国精选科学图画书 （肚子里有个火车站+牙齿大街的新鲜事，套装...,229311,〔德〕安娜・鲁斯曼,北京科学技术出版社
311,纳尼亚传奇(全辑共7册),94748,（英）刘易斯　著，陈良廷　等译,译林出版社
312,小熊很忙中英双语厚纸板游戏书：参观恐龙园+欢乐农场日+城堡小骑...,8886,[英] 本吉・戴维斯  著,中信出版社
313,沟通心理学,9293,刘艳华 著,天津科学技术出版社
314,捕捉儿童敏感期（珍藏版）：了解孩子内心的早教经典，解除育儿焦...,170106,孙瑞雪,中国妇女出版社
315,手不是用来打人的（儿童好品德系列，全5册）,104669,（美）伊丽莎白・弗迪克等著 陈薇薇、刘宣谷译 步印童书 出品,贵州教育出版社
316,昆虫记（文前33张共8页高清彩色照片图+系统分类目录+昆虫谱系表+...,48136,[法]让-亨利・法布尔  著    陈筱卿  译,时代文艺出版社
317,无所畏（2018年冯唐全新作品，一部坦露自我的真诚之作）,40701,冯唐 著，磨铁图书 出品,北京联合出版有限公司
318,经典译林：简爱（央视《朗读者》选读版本，翻译家黄源深译本！九...,62759,夏洛蒂?勃朗特,译林出版社
319,思考，快与慢,135795,(美)丹尼尔卡尼曼,中信出版社
320,你和我的倾城时光（赵丽颖、金瀚、周一围等主演同名电视剧正在热...,52450,丁墨 著，白马时光 出品,百花洲文艺出版社
321,中国近代史,122785,蒋廷黻  著   凤凰含章出品,武汉出版社
322,乡土中国（精装）,78781,费孝通,人民出版社
323,家常菜精选1288例：现代人（中餐厅店长赵薇也在看的菜谱书。畅销...,144835,本书编写组,中国轻工业出版社
324,超值畅销-好妈妈不娇不惯培养女孩300个细节,28834,静涛，李厚泽　编著,南海出版公司
325,暖暖心绘本（全四辑19本）,184814,（伊朗）米拦弗特毕　文，（德）沃琪顿　绘，漪然　译,湖南少儿出版社
326,半小时漫画世界史（其实是一本严谨的极简世界史。）,163833,陈磊（笔名：二混子） 著；读客文化 出品,江苏凤凰文艺出版社
327,洛伦茨的经典科普系列一：《所罗门王的指环》（诺贝尔生物或医学...,32962,康拉德・洛伦茨,中信出版社
328,你好！数学套装珍藏版（套装30本）,58546,申惠恩　等文，赵美子　等图，仇艳　等译,湖北少儿出版社
329,父与子全集,79702,[德]卜劳恩（图）,北方妇女儿童出版社
330,让孩子爱上科学的趣味实验大百科,101351,[日]学研教育出版　编，林岚，林榕　译,浙江少年儿童出版社
331,古汉语常用字字典（第5版）,165117,原编者  王力 岑麒祥 林焘 等，修订者 蒋绍愚 唐作藩 张万起 等,商务印书馆
332,给孩子读诗（畅销100万册纪念，全新升级AR版，扫码免费收听。闫妮...,293897,果麦 著，余光中、丰子恺、高行健、闻家泗、刘星灿等 译，果麦文化 出品,浙江文艺出版社
333,习近平用典.第二辑 团购电话010-57993380,63724,人民日报评论部,人民日报出版社
334,我的专注力训练游戏（全3册）,58142,[日]efuca.伊藤由香 著  胡静 译,化学工业出版社
335,诗经（上下册精装）（中华经典名著全本全注全译）,122149,王秀梅　译注,中华书局
336,雪国,232098,(日)川端康成 著，新经典 出品,南海出版公司
337,论语别裁（独家授权简体版套装两册）,28120,南怀瑾,东方出版社
338,可爱的鼠小弟（1-12）,223054,[日] 中江嘉男 文  [日]上野纪子 图,南海出版公司
339,唐诗三百首 小学生 成长必读 绘本 注音版,89808,思睿 编著,北方妇女儿童出版社
340,不用说，孩子就会听――歪歪兔逆反期教育系列图画书（全8册）,158172,歪歪兔关键期早教项目组　编绘,海豚出版社
341,红岩（七年级下册必读）,256252,罗广斌，杨益言,中国青年出版社
342,橘子不是唯一的水果,32393,（英）珍妮特・温特森,北京联合出版有限公司
343,青蛙弗洛格的成长故事（全三辑，共26册）,134967,（荷兰）马克斯・维尔修思　著,湖南少年儿童出版社
344,北欧众神（北欧神话是奇幻文化的重要起源！）,24636,（英）尼尔・盖曼（Neil Gaiman） 著；胡婧 译；读客文化 出品,江苏凤凰文艺出版社
345,观山海（“百鬼画师”杉泽绝美诠释山海经）,46786,"杉泽 著,博集天卷 出品",湖南文艺出版社
346,昆虫记 八年级上 人教版名著阅读课程化丛书 教育部统编教材推荐必...,16768,（法）亨利.法布尔 著，陈筱卿 译,人民教育出版社
347,亲爱的安德烈（插图第2版）,148936,龙应台 著，理想国 出品,广西师范大学出版社
348,少有人走的路：心智成熟的旅程 （白金升级版）,216851,斯科特・派克,中华工商联合出版社
349,中国哲学简史,129992,冯友兰,北京大学出版社
350,墨多多谜境冒险（4-5共2册） 隐匿的巫女面具（上 下）,4827,雷欧幻像,二十一世纪出版社
351,理想国,108311,柏拉图,中国华侨出版社
352,囚徒健身：用失传的技艺练就强大的生存实力（美国畅销健身书，留...,55563,(美)威德,北京科学技术出版社
353,三毛全集05：梦里花落知多少,42628,三毛 著，新经典 出品,北京十月文艺出版社
354,水浒传（上下册）（全两册）――中国古典文学读本丛书（九年级上...,75705,（明）施耐庵 著,人民文学出版社
355,数学原来可以这样学（畅销日本300万册，小学生家长必备。让孩子爱...,51454,野口哲典 著，博集天卷 出品,湖南人民出版社
356,了不起的盖茨比（未删节完整版！精装插图珍藏本！荣获美国“艾奥...,33619,菲茨杰拉德 著，董继平 译，大星文化 出品，作家榜经典文库，Henry P. Raleigh 绘,浙江文艺出版社
357,美丽新世界（译文名著精选）,19387,（英）奥尔德斯 ・赫胥黎 著，陈超 译,上海译文出版社
358,半小时漫画中国史（修订版）（其实是一本严谨的极简中国史。团购...,470104,陈磊（二混子） 著；读客文化 出品,江苏文艺出版社
359,俗世奇人（全二册）,123727,冯骥才,作家出版社
360,100层的房子【新版】（纵开式畅销绘本3册套装， 100层的房子+地下...,91018,[日]岩井俊雄,北京科学技术出版社
361,细菌世界历险记（中小学语文新课标必读名著 ）菌儿自传 高士其科...,33353,高士其,人民邮电出版社
362,米小圈上学记一年级--四年级（套装共16册）,108272,北猫,四川少儿出版社
363,好妈妈胜过好老师2：自由的孩子最自觉,193757,尹建莉 著；读客文化 出品,文汇出版社
364,阶梯数学・4岁 （共5册）,92773,（韩）朱慧兰  著，王宁  译,北京科学技术出版社
365,挪威的森林（精装，村上春树影响几代读者的畅销青春名作，特有的...,138022,村上春树,上海译文出版社
366,习近平谈治国理政 第一卷 中文版平装（最新修订版）团购电话010-...,92486,习近平,外文出版社
367,郑渊洁给孙女的好习惯书：十二生肖童话绘本,140752,郑渊洁 著,天津人民出版社
368,走遍中国 图说天下 国家地理,113621,《图说天下・国家地理系列》编委会,北京联合出版公司
369,万历十五年 一本好书 腾讯视频栏目推荐（增订纪念本）,38111,黄仁宇 著,中华书局
370,"我不喜欢这世界,我只喜欢你",260704,乔一　著,湖南少年儿童出版社
371,夏日终曲（第90届奥斯卡获奖电影《请以你的名字呼唤我》原著小说...,38364,安德烈・艾席蒙,外语教学与研究出版社
372,气场――改变全球1600万人命运的强大蝴蝶效应，比尔・盖茨、奥巴...,157031,（美）菲尔  著，章岩  译,重庆出版社
373,【2019日历】-凡是过去，皆为序曲：2019小林漫画日历,1412,林帝浣,上海文艺出版社
374,斯坦福极简经济学（当当全国独家精装升级版）,34793,[美]泰勒 著，博集天卷 出品,湖南人民出版社
375,论语译注（简体字本）  2017修订新版,172689,杨伯峻 译注,中华书局
376,习近平新时代中国特色社会主义思想三十讲（标准版）    团购电话...,7071,本书编写组,学习出版社
377,习近平用典 第一辑     团购电话：010-57993380,61870,人民日报评论部,人民日报出版社
378,自卑与超越（白岩松推荐，超越自卑完整全译本）,27738,阿尔弗雷德阿德勒著，杨颖 译，果麦文化 出品,浙江文艺出版社
379,林格伦儿童文学作品集・典藏版――长袜子皮皮,106567,（瑞典）林格伦  著，李之义  译,中国少年儿童出版社
380,罗尔德・达尔作品典藏 查理和巧克力工厂,173656,罗尔德・达尔,明天出版社
381,"一百个人的十年-""文革""已经过去，它对众多人的生活产生了深刻的影...",72233,冯骥才,文化艺术出版社
382,汪曾祺散文集：人间世相,5686,汪曾祺,时代文艺出版社
383,《我的神奇马桶》亲子阅读绘本,23842,（日） 铃木典丈  文图，彭懿 译,贵州人民出版社
384,猜猜我是谁系列套装（全4册）,161352,（美）尼娜兰登　　著，张芳　译,北京联合出版公司
385,时间的历史（写给孩子的身边事物简史丛书之一，歪歪兔童书馆出品...,1230,歪歪兔童书馆,海豚出版社
386,习近平讲故事(团购更优惠 电话：010-57993380）,35084,人民日报评论部,人民出版社
387,为你自己读书,103984,肖卫 编著,中国华侨
388,沟通的艺术（插图修订第15版）,108160,[美]罗纳德・B・阿德勒（Ronald B. Adler） 拉塞尔・F・普罗科特（Russell F. Proctor II），译者： 黄素菲等   后浪出品,北京联合出版有限公司
389,我的儿子皮卡系列 礼盒装（共10册） 曹文轩作品,14185,曹文轩　编著,二十一世纪出版社
390,写给儿童的成语故事（全10册）,74504,百鹤文化 著 步印童书 出品,贵州教育出版社
391,小学生好习惯系列-我的时间管理习惯没问题！,10080,[韩] 崔先圭 著；[韩] 孙明子 绘；秦晓静 译,现代出版社
392,长安十二时辰（上下册）,55277,马伯庸,湖南文艺出版社
393,意林合订本2018年07期-12期（总第57卷）（升级版）,8747,意林杂志社,吉林摄影出版社
394,皮皮鲁和鲁西西流星系列（包含驯兔记等共9册）,32243,郑渊洁,浙江少年儿童出版社
395,月亮和六便士（又译作月亮与六便士，导读详注完整无删版，高晓松...,66792,[英]毛姆 著，李继宏 译，果麦文化 出品,天津人民出版社
396,小读客・石头剪刀布传奇：给孩子的正向竞争观启蒙书――开心第一...,3693,(美) 德鲁・戴沃特 (Drew Daywalt)、(美) 亚当・雷克斯 (Adam Rex)著；余治莹 译；读客文化 出品,文汇出版社
397,活了100万次的猫（珍藏版）,233410,（日）佐野洋子 著,接力出版社
398,信谊世界精选图画书・爷爷一定有办法,278591,[加] 菲比・吉尔曼 著；宋 译,明天出版社
399,见识城邦・娱乐至死,63737,（美）波兹曼　著，章艳　译,中信出版社
400,向前一步(珍藏版),86437,Sheryl Sandberg,中信出版社
401,寻找时间的人（与《追风筝的人》《偷书贼》共同荣获美国年度最佳...,184999,作者 凯特・汤普森、译者 闫雪莲；酷威文化 出品,江苏文艺出版社
402,柳林风声,113071,作者:[英]肯尼斯格雷厄姆著；[英]大卫罗伯茨绘；杨静远译,贵州人民出版社
403,呼啸山庄,66240,（英）艾米莉・勃朗特　著，宋兆霖　译,作家出版社
404,写给儿童的世界历史（全16册）,109537,陈卫平著、步印童书 出品,贵州教育出版社
405,经典译林：麦田里的守望者（精装）,79994,J.D. 塞林格 著，施咸荣 译,译林出版社
406,从0到1：开启商业与未来的秘密,210941,（美）蒂尔，（美）马斯特斯　著，高玉芳　译,中信出版社
407,从小爱科学・有趣的物理（全16册）,93478,译者： 沈丹丹、柳恋清 等,湖南少年儿童出版社
408,第一次自己睡觉,33991,文：（日）季巳明代 著  图：（日）长谷川香子 绘,北京联合出版公司
409,情商是什么（杨澜、吴晓波联袂推荐。所谓情商高，绝不仅仅是会说...,90796,李筱懿，果麦文化 出品,浙江文艺出版社
410,别输在不会表达上,59934,李劲 著,古吴轩出版社
411,字的童话（全7册）,80776,林世仁　编文，章毓倩　绘,贵州人民出版社
412,西尔斯亲密育儿百科（最新修订版）,129528,〔美〕威廉西尔斯　等著，邵燕美　译，新经典 出品,南海出版公司
413,月亮的味道（精装） ,156232,麦克格雷涅茨 著,二十一世纪出版社
414,现当代长篇小说经典系列：边城,59186,沈从文　著,长江文艺出版社
415,窝在角落好安心系列（全三册套装）,2474,【日】横沟百合 著，日本监修San-X编，米粒、毛德龙 译,接力出版社
416,我是猫（人类一思考，猫君就发笑。日本“国民大师”夏目漱石笔下...,82260,[日]夏目漱石 著，曹曼 译，果麦文化 出品,浙江文艺出版社
417,大卫，不可以,174639,文/图：〔美〕大卫・香农David Shannon,河北教育出版社
418,培生英语・阅读街：幼儿版K1(幼儿园小班适用)――美国幼儿园语言...,39212,美国培生教育出版集团,中国宇航出版社
419,东野圭吾四大推理套装（共4册）,6370,东野圭吾 著，新经典 出品,南海出版公司
420,不许抠鼻子！,22491,文/图：〔英〕托尼?罗斯,北京联合出版公司
421,好想去这样那样的国家（全6册）,14653,【日】东菜奈  著 叶硕 严利颖  译,贵州人民出版社
422,非暴力沟通[珍藏版]（当我们褪去隐蔽的精神暴力，爱将自然流露。...,32694,(美)马歇尔・卢森堡著，阮胤华 译,华夏出版社
423,西尔斯怀孕百科（全新升级版）,104805,〔美〕威廉・西尔斯　等著，荀寿温　译，新经典 出品,南海出版公司
424,张爱玲全集04：半生缘（2012年全新修订版）,66886,张爱玲,北京十月文艺出版社
425,曹文轩文集-草房子,250100,曹文轩,天天出版社有限责任公司
426,《如何培养孩子的社会能力》 ,88823,[美] 默娜・B.舒尔博士，[美] 特里萨・弗伊・迪吉若尼莫 著；张雪兰 译,北京联合出版有限公司
427,"爱的教育（原版插图本）（语文新课标课外阅读书目,国家教育部推荐...",7743,埃迪蒙托・德・亚米契斯著，麦书房出品，有容书邦 发行,江苏文艺出版社
428,双城记（著名翻译家宋兆霖神级全译本）,80242,"[英] 查尔斯・狄更斯 著, 宋兆霖 译",作家出版社
429,灵魂有香气的女子（200万册畅销升级版！新增20%从未发表美人故事...,165346,李筱懿，果麦文化 出品,上海文艺出版社
430,世说新语(精)上下册--中华经典名著全本全注全译丛书(第三辑),77991,朱碧莲，沈海波　译注,中华书局
431,菊与刀（畅销全球70年，销售逾3000万册，亲切易懂的日本国民性格...,31348,（美）鲁思・本尼迪克特，果麦文化 出品,浙江文艺出版社
432,人生最美是清欢（林清玄经典散文集，执笔45周年白金纪念版！）,94534,林清玄 著，新经典 出品,北京十月文艺出版社
433,我的妈妈是精灵(百万纪念版，全新修订，入选小学生基础阅读书目）...,128143,陈丹燕,福建少年儿童出版社
434,尼罗河上的惨案：阿加莎・克里斯蒂作品集11（阿加莎・克里斯蒂经...,45121,(英)阿加莎.克里斯蒂,新星出版社
435,大中华寻宝系列2 北京寻宝记,18528,孙家裕,二十一世纪出版社
436,雾都孤儿（著名翻译家黄水乞教授全译本，讲述黑暗中闪现的人性光...,59790,"[英] 查尔斯・狄更斯 著, 黄水乞 译",作家出版社
437,幻夜（《白夜行》姊妹篇，东野圭吾“绝望之书”第二弹）,165624,(日)东野圭吾 著，新经典 出品,南海出版公司
438,成语大词典（彩色本）最新修订版 60000多名读者热评！团购电话01...,121688,<成语大词典>编委会,商务印书馆国际有限公司
439,定位系列・定位（重译版）,38032,[美]艾?里斯（Al Ries）杰克?特劳特（Jack Trout）,机械工业出版社
440,知行合一王阳明大全集（1+2+3+传习录，套装共4册）,83696,度阴山 著；读客文化 出品,北京时代华文书局
441,给孩子的诗,69351,北岛,中信出版社
442,枪炮、病菌与钢铁――人类社会的命运(修订版）,74066,（美）贾雷德.戴蒙德 著，谢延光 译,上海译文出版社
443,给孩子的身体书（给5―15岁孩子的第一本生理“教科书”）,13986,（美）霍华德・本内特  博士 著，磨铁图书 出品,北京联合出版有限公司
444,小鸡球球成长绘本系列：全6册（新版）,267819,[日]入山智 著；海豚传媒，心喜阅童书 出品；,长江少年儿童出版社
445,金庸作品集(朗声旧版)金庸全集(05－08)－射雕英雄传(全四册)（1-...,56695,金庸   著,广州出版社
446,最怕你一生碌碌无为，还安慰自己平凡可贵,73125,老杨的猫头鹰,现代出版社
447,花婆婆,190499,〔美〕芭芭拉库尼,河北教育出版社
448,孤独六讲,68321,蒋勋 著 时代华语 出品,长江文艺出版社
449,大卫不可以+大卫上学去+大卫惹麻烦+圣诞节到了（大卫系列全4册）,30208,〔美〕大卫・香农David Shannon 文/图,北京联合出版公司
450,受益一生的墨菲定律,5213,墨羽◎著,中国商业出版社
451,森林的奇妙旅行,2316,彼得・渥雷本 著，紫图出品,北京联合出版有限公司
452,100层的巴士 麦克米伦世纪,81292,麦克?史密斯,二十一世纪出版社
453,大中华寻宝系列6 四川寻宝记,12074,孙家裕,二十一世纪出版社
454,丝绸之路：一部全新的世界史（关心一带一路，必读丝绸之路）,131864,[英]彼得・弗兰科潘 (Peter Frankopan)  著；邵旭东，孙芳 译；徐文堪 审校；读客文化 出品,浙江大学出版社
455,张爱玲经典小说集(倾城之恋/红玫瑰与白玫瑰/怨女/半生缘/小团圆全...,58102,张爱玲　著，新经典 出品,北京十月文艺出版社
456,兄弟（新版）,48500,余华,作家出版社
457,房思琪的初恋乐园,70184,林奕含 著，磨铁图书 出品,北京联合出版有限公司
458,我们仨（当当网独家布面精装珍藏版）,35803,杨绛,生活.读书.新知三联书店
459,最美的法布尔昆虫记（1-12）,66503,"（法）法布尔 原著,（日）小林清之介 著,（日）松冈达英，泷波明生，内藤贞夫　等绘",新星出版社
460,国富论(上下),77955,（英）斯密 著，郭大力 王亚南 译,译林出版社
461,明朝那些事儿全集 : 图文增补版全9册（新版）,209712,当年明月 著,北京联合出版公司
462,学会管自己（歪歪兔独立成长童话）,313223,陈梦敏著，张文绮图,海豚出版社
463,书法没有秘密,1292,寇克让,北京联合出版有限公司
464,西游记 (新课标 青少版),68725,（明）吴承恩 著；张燕均，富强 改编,浙江教育出版社
465,城南旧事：一部触动千万读者灵魂的童年离骚,54500,林海音 凤凰含章 出品,江苏人民出版社
466,小读客・宝宝第一套好性格养成书：皮特猫第一辑（手工礼包版・套...,37380,[美]艾瑞克・利温、[美]詹姆斯・迪安 著；彭懿、杨玲玲 译；读客文化 出品,文汇出版社
467,美的历程（李泽厚代表名作）,127995,李泽厚,生活.读书.新知三联书店
468,林汉达中国历史故事集（珍藏版）,214969,林汉达 著,中国少年儿童出版社
469,梦的解析（软精装珍藏本）,234683,（奥）西格蒙德・弗洛伊德　著，孙名之　等译,国际文化出版公司
470,西藏生死书（布面精装版）,198828,索甲仁波切 著，新经典 出品,浙江大学出版社
471,Photoshop CC从入门到精通PS教程（全彩视频版）重印30次销售12万...,11953,唯美世界,水利水电出版社
472,红星照耀中国（青少版）人民文学出版社,242376,埃德加・斯诺 著；董乐山 译,人民文学出版社
473,十万个为什么（小学生彩绘版）,58517,蜗牛爸爸,煤炭工业出版社
474,工匠精神：向价值型员工进化――精装典藏新版，当当全国独家（团...,37449,付守永,中华工商联合出版社
475,东野圭吾：学生街的日子,3394,（日）东野圭吾,南海出版公司
476,佐贺的超级阿嬷,119104,〔日〕岛田洋七 著，陈宝莲 译,南海出版公司
477,我与地坛（纪念版）（1-9年级必读书单）,81492,史铁生,人民文学出版社
478,温馨家庭图画书--大嗓门妈妈,11181,[德]尤塔・保尔,新蕾出版社
479,将来的你，一定会感谢现在拼命的自己,351453,汤木,天津人民出版社
480,社会心理学（第11版）,70514,（美） 戴维・迈尔斯（David Myers）著，侯玉波，乐国安，张智勇 等译,人民邮电出版社
481,DK儿童百科全书系列超值礼品套装（精装全5册）（2018年全新修订版...,56574,英国DK公司　编著,中国大百科全书出版社
482,聊斋志异（中国古代灵异与志怪小说的集大成者，收录近500篇知名小...,57358,(清)蒲松龄　著，高崖子　译注,民主与建设出版社
483,巨人的陨落（通宵小说大师肯・福莱特世纪三部曲，全球读者平均三...,208969,[英]肯・福莱特(Ken Follett )  著；读客文化 出品,江苏文艺出版社
484,周恩来传（精装典藏版）,25531,(英)迪克.威尔逊,国际文化出版公司
485,自卑与超越（白岩松推荐，完整全译本未删节）,40306,阿德勒 ，杨蔚 译者，果麦文化 出品,天津人民出版社
486,卡耐基人际交往心理学 : 别输在不懂人情世故上,45465,(美) 戴尔・卡耐基著 ; 张然编译,中国国际广播出版社
487,学会爱自己（第4辑）（学会自我管理，懂得自我激励！儿童情绪管理...,13674,渡边有一（日） 安娜 沃克（澳）苏西 碧慈尔（斯）等,青岛出版社
488,托马斯和朋友宝宝睡前故事（30册）,41123,（英）HIT公司 著，童趣出版有限公司 编,人民邮电出版社
489,小猪佩奇 “我有好习惯” 行为引导系列 绘本礼盒（全10册 洗澡也...,47692,文圣教育 编写,浙江少年儿童出版社
490,少年的你，如此美丽(由超人气演员周冬雨和易烊千玺担当主演，曾国...,19723,玖月，白马时光 出品,百花洲文艺出版社
491,"领导力21法则:追随这些法则,人们就会追随你(团购电话010-5799338...",100655,(美)约翰C.马克斯维尔(John C.Maxwell) 著；路本福 译；读客文化 出品,文汇出版社
492,史记（精装新版，全三册）,138283,【汉】司马迁 撰，韩兆琦 评注,岳麓书社
493,如果恐龙还活着・想象力与心智成长绘本（套装四册）,29337,蒂莫西・纳普曼、萨拉・沃伯顿等 著；袁艺航 译,中信出版社
494,小鸡球球洞洞认知书：全4册 （新版）,49657,[日]入山智 著；心喜阅童书 出品；,长江少年儿童出版社
495,钢铁是怎样炼成的（新课标）非改写，更适合青少年阅读，越是艰苦...,51709,[苏]奥斯特洛夫斯基,浙江工商大学出版社
496,不能承受的生命之轻（新）,37756,米兰・昆德拉 著，许钧 译,上海译文出版社
497,小熊很忙系列（套装全16册）,30707,(英)本吉・戴维斯,中信出版社
498,当我谈跑步时，我谈些什么（2015典藏版）,97983,〔日〕村上春树 著  著，施小炜 译，新经典 出品,南海出版公司
499,围城,107969,钱钟书,人民文学出版社
500,浮生六记（全新精装纪念版，汪涵贾平凹推荐！全本全译全注，无需...,98114,沈复 著，周公度 译注，大星文化 出品，张朝晖 尧立 陆伟黎 绘，作家榜经典文库,浙江文艺出版社
